{
  "project_info": {
    "project_number": "655662590697",
    "project_id": "emailpassword-650b3",
    "storage_bucket": "emailpassword-650b3.appspot.com"
  },
  "client": [
    {
      "client_info": {
        "mobilesdk_app_id": "1:655662590697:android:742b75b8e418943554de78",
        "android_client_info": {
          "package_name": "com.example.emailpassword"
        }
      },
      "oauth_client": [
        {
          "client_id": "655662590697-c3coq8f4p6qv2iqcgmhmbibvl387bufl.apps.googleusercontent.com",
          "client_type": 3
        }
      ],
      "api_key": [
        {
          "current_key": "AIzaSyC6I9SojR6VASNqlvhuhVp2t4ye0WUbhoo"
        }
      ],
      "services": {
        "appinvite_service": {
          "other_platform_oauth_client": [
            {
              "client_id": "655662590697-c3coq8f4p6qv2iqcgmhmbibvl387bufl.apps.googleusercontent.com",
              "client_type": 3
            }
          ]
        }
      }
    },
    {
      "client_info": {
        "mobilesdk_app_id": "1:655662590697:android:4e278b6f80d4562b54de78",
        "android_client_info": {
          "package_name": "com.example.firebasedatabase"
        }
      },
      "oauth_client": [
        {
          "client_id": "655662590697-c3coq8f4p6qv2iqcgmhmbibvl387bufl.apps.googleusercontent.com",
          "client_type": 3
        }
      ],
      "api_key": [
        {
          "current_key": "AIzaSyC6I9SojR6VASNqlvhuhVp2t4ye0WUbhoo"
        }
      ],
      "services": {
        "appinvite_service": {
          "other_platform_oauth_client": [
            {
              "client_id": "655662590697-c3coq8f4p6qv2iqcgmhmbibvl387bufl.apps.googleusercontent.com",
              "client_type": 3
            }
          ]
        }
      }
    }
  ],
  "configuration_version": "1"
}